{"cameraMode":{"drawMode":0,"name":"Shaded","section":"Shading Mode"},"sceneLighting":true,"audioPlay":false,"sceneViewState":{"showFog":true,"showMaterialUpdate":false,"showSkybox":true,"showFlares":true,"showImageEffects":true,"showParticleSystems":true},"in2DMode":false,"pivot":{"x":-11.235881805419922,"y":-2.884195327758789,"z":-12.985816955566407},"rotation":{"x":0.12136460840702057,"y":0.8741650581359863,"z":-0.37631043791770937,"w":0.28195130825042727},"size":72.71504211425781,"orthographic":false}