{"cameraMode":{"drawMode":0,"name":"Shaded","section":"Shading Mode"},"sceneLighting":true,"audioPlay":false,"sceneViewState":{"showFog":true,"showMaterialUpdate":false,"showSkybox":true,"showFlares":true,"showImageEffects":true,"showParticleSystems":true},"in2DMode":false,"pivot":{"x":-38.60292053222656,"y":4.60944128036499,"z":-16.226104736328126},"rotation":{"x":0.05501319840550423,"y":-0.6231145262718201,"z":0.043994173407554629,"w":0.7789521217346191},"size":43.2176399230957,"orthographic":false}