{"cameraMode":{"drawMode":0,"name":"Shaded","section":"Shading Mode"},"sceneLighting":true,"audioPlay":false,"sceneViewState":{"showFog":true,"showMaterialUpdate":false,"showSkybox":true,"showFlares":true,"showImageEffects":true,"showParticleSystems":true},"in2DMode":false,"pivot":{"x":-16.5,"y":5.300000190734863,"z":-21.899999618530275},"rotation":{"x":-0.037201374769210818,"y":0.9626713395118713,"z":-0.18114914000034333,"w":-0.19764837622642518},"size":50.7729377746582,"orthographic":false}