{"cameraMode":{"drawMode":0,"name":"Shaded","section":"Shading Mode"},"sceneLighting":false,"audioPlay":false,"sceneViewState":{"showFog":true,"showMaterialUpdate":false,"showSkybox":true,"showFlares":true,"showImageEffects":true,"showParticleSystems":true},"in2DMode":false,"pivot":{"x":0.0000016689300537109376,"y":1.4134800434112549,"z":-0.07679980993270874},"rotation":{"x":-0.0014990679919719697,"y":0.9921885132789612,"z":0.011906176805496216,"w":0.1241694912314415},"size":5.764322280883789,"orthographic":false}